pressure,flow_rate,temperature,vibration,risk_score,issue_type
159.94,18.99,31.59,0.141,46.25,Fatigue
103.94,16.62,33.82,0.1382,14.82,None
131.73,11.65,20.11,0.0391,23.86,Leakage
106.71,12.46,33.84,0.0013,9.4,None
100.2,18.16,41.68,0.0714,12.15,None
135.95,17.61,23.06,0.0557,23.94,Leakage
123.72,18.82,43.98,0.1064,23.18,None
136.93,14.98,37.4,0.0286,19.04,None
151.02,11.9,34.42,0.1067,29.57,Fatigue
103.16,14.35,29.92,0.0492,10.15,Leakage
152.56,17.32,44.01,0.1005,38.66,Fatigue
107.21,15.7,43.99,0.0777,16.46,None
115.7,19.06,38.68,0.0241,20.38,None
144.76,14.5,42.94,0.092,38.0,Corrosion
146.93,13.37,44.02,0.1182,43.78,Corrosion
134.45,17.59,44.52,0.1074,37.82,None
128.02,16.35,30.73,0.0577,25.94,None
143.19,11.07,35.43,0.0462,19.66,None
135.27,19.41,31.4,0.0296,20.27,None
151.65,18.2,31.79,0.1491,43.64,Fatigue
141.4,11.72,33.17,0.147,32.35,None
117.87,17.56,33.26,0.1497,22.39,None
146.66,12.37,27.33,0.1168,36.38,Leakage
112.06,16.22,27.3,0.0779,17.2,Leakage
111.51,12.55,34.64,0.0166,22.31,None
138.07,11.44,39.35,0.0137,21.47,None
113.41,14.37,25.61,0.0863,23.47,Leakage
122.51,13.39,42.79,0.0824,25.82,None
100.95,11.49,44.47,0.1055,19.06,None
110.97,17.79,28.07,0.0965,27.18,Leakage
133.07,18.4,43.2,0.0775,33.03,None
102.8,19.72,36.1,0.0858,18.6,None
117.52,19.83,37.54,0.1496,26.79,None
153.85,15.23,39.14,0.0745,34.66,None
150.76,16.63,36.85,0.1493,38.12,Fatigue
111.33,11.4,29.78,0.0699,16.39,Leakage
155.27,17.59,25.68,0.0724,30.96,Leakage
155.76,18.28,27.66,0.054,33.36,None
103.46,11.05,41.07,0.0337,9.56,None
105.92,17.82,28.2,0.0855,11.2,Leakage
136.99,10.72,22.97,0.1109,29.88,Leakage
106.91,14.5,35.48,0.0562,14.81,None
110.07,16.41,36.12,0.0517,11.84,None
121.23,17.06,42.89,0.0656,20.98,None
158.08,17.04,32.87,0.1112,43.21,Fatigue
110.15,10.22,31.28,0.0648,18.96,None
151.17,10.16,33.62,0.099,29.96,None
131.93,12.79,37.73,0.1418,31.01,None
101.9,16.65,37.41,0.0584,15.96,None
142.68,17.41,25.3,0.0439,20.82,Leakage
128.6,11.51,26.83,0.1185,32.33,Leakage
142.15,13.89,20.62,0.1482,35.15,Leakage
134.73,14.35,30.73,0.1455,29.34,None
139.56,18.56,28.42,0.0225,29.52,None
139.3,18.35,24.91,0.0901,29.96,None
127.55,15.3,20.65,0.1056,17.77,Leakage
100.52,15.4,25.67,0.0217,0.0,Leakage
119.94,16.47,34.5,0.1305,20.33,None
130.6,18.34,32.25,0.1091,12.21,None
118.15,18.01,30.61,0.0318,16.17,None
101.38,12.96,30.57,0.1414,14.63,None
118.41,12.62,26.21,0.0138,15.3,Leakage
123.07,14.07,22.76,0.1077,16.13,Leakage
134.26,12.38,32.06,0.0612,25.33,None
117.83,11.07,41.53,0.0972,20.41,None
122.04,14.91,21.93,0.1161,21.27,Leakage
143.15,19.9,40.55,0.0106,24.77,Corrosion
126.12,18.2,39.53,0.0637,23.07,None
151.66,15.12,35.39,0.1095,35.61,Fatigue
124.28,14.82,41.61,0.0099,19.62,None
115.44,16.89,41.08,0.009,5.19,None
143.08,14.25,30.02,0.1249,33.52,None
132.59,12.98,21.1,0.0649,18.38,Leakage
120.66,19.28,37.61,0.0169,14.39,None
144.55,13.02,38.19,0.1363,37.78,None
148.54,16.61,32.2,0.0928,28.11,None
154.42,17.39,44.82,0.0952,39.76,Corrosion
155.42,17.8,31.74,0.0362,26.74,None
105.4,17.71,43.68,0.1475,25.66,None
124.61,12.27,43.61,0.0229,12.53,None
104.76,18.08,23.38,0.0852,21.93,None
100.1,18.72,32.5,0.0925,13.35,None
157.63,15.83,30.31,0.0118,25.76,None
158.38,16.34,33.47,0.0055,39.14,None
106.77,16.86,21.61,0.0738,15.67,Leakage
148.32,10.56,42.68,0.0804,31.0,Corrosion
145.98,19.44,35.91,0.0461,37.31,None
108.54,10.8,32.59,0.0929,10.83,None
111.7,18.18,29.69,0.0661,25.78,None
129.62,13.57,37.83,0.0206,13.9,None
108.63,18.28,26.91,0.1157,16.83,None
115.93,17.34,43.7,0.0424,23.72,None
154.31,10.25,43.65,0.035,28.81,Corrosion
102.69,10.17,26.95,0.0327,4.67,Leakage
132.05,18.52,24.28,0.0945,16.62,None
147.34,12.12,37.92,0.0743,42.21,None
157.14,18.12,42.48,0.1176,47.99,Fatigue
155.94,19.01,35.27,0.0393,28.63,None
102.93,10.21,24.41,0.0866,11.28,Leakage
140.98,17.15,42.04,0.1473,46.33,Corrosion
106.04,12.09,36.91,0.0993,19.82,None
127.99,11.34,23.32,0.0943,12.48,Leakage
147.42,12.21,26.39,0.1272,32.02,Leakage
158.53,10.19,33.1,0.1229,43.77,Fatigue
140.75,10.64,30.2,0.0697,27.98,None
131.48,15.92,24.26,0.0856,34.52,Leakage
159.82,19.27,42.76,0.1416,44.76,Fatigue
111.31,11.08,20.5,0.0292,5.38,Leakage
119.0,17.64,24.97,0.0152,15.74,Leakage
120.69,11.24,36.04,0.0682,10.4,None
149.05,19.78,25.53,0.1091,47.34,None
159.0,13.19,24.78,0.0507,26.24,Leakage
110.76,12.28,26.56,0.1485,23.48,Leakage
105.95,10.07,33.49,0.0712,9.33,None
113.83,17.77,22.45,0.0945,14.86,Leakage
101.29,12.77,31.87,0.0517,10.06,None
114.4,19.36,34.22,0.0426,15.67,None
114.95,16.87,31.71,0.0544,9.56,None
140.51,14.42,33.14,0.1416,35.45,None
112.0,15.71,41.83,0.0986,10.93,None
141.58,17.34,23.07,0.0062,15.47,Leakage
124.39,17.84,31.27,0.136,26.61,None
101.19,11.29,20.06,0.0781,11.83,Leakage
136.9,12.78,37.51,0.0523,27.44,None
157.31,12.82,26.35,0.0565,24.38,Leakage
103.81,11.98,39.94,0.041,15.58,None
146.75,12.22,25.5,0.0851,29.11,Leakage
140.55,15.94,34.05,0.0058,23.98,None
147.18,10.8,26.69,0.1346,35.15,Leakage
150.48,15.94,41.53,0.0711,30.84,Corrosion
144.41,12.8,28.81,0.0055,18.1,Leakage
113.57,11.64,33.45,0.1143,16.14,None
137.76,10.91,37.87,0.0073,13.84,None
144.26,19.88,39.81,0.0927,35.31,None
121.17,16.26,44.1,0.1183,35.83,None
154.33,10.95,44.14,0.0899,28.65,Corrosion
145.37,13.98,33.26,0.0063,24.73,None
131.33,15.55,34.69,0.1317,29.83,None
102.56,17.08,33.62,0.0421,1.64,None
128.65,16.54,30.39,0.019,10.15,None
122.31,14.43,26.49,0.0196,17.13,Leakage
140.23,10.23,37.53,0.0912,27.83,None
121.72,11.65,37.07,0.0026,17.26,None
132.89,18.34,37.83,0.1457,36.91,None
154.62,14.87,22.51,0.0762,30.0,Leakage
109.95,15.21,30.9,0.0583,7.01,None
110.8,19.81,28.43,0.0224,15.64,None
130.16,15.56,20.64,0.1097,21.08,Leakage
120.31,18.8,32.7,0.0425,20.42,None
146.22,11.12,21.87,0.0192,20.53,Leakage
155.96,11.73,36.51,0.1497,38.71,Fatigue
103.79,14.04,39.46,0.0373,9.88,None
119.19,14.03,37.76,0.0226,18.31,None
154.46,14.95,33.05,0.0854,23.65,None
118.72,12.96,33.82,0.1476,22.37,None
127.32,12.96,40.75,0.0658,27.05,None
145.49,10.99,22.9,0.1332,32.23,Leakage
158.53,10.66,37.25,0.1332,33.21,Fatigue
110.23,15.77,26.35,0.1181,18.98,Leakage
131.13,11.97,40.58,0.143,28.8,None
134.55,15.72,36.91,0.1443,27.74,None
115.77,14.71,39.25,0.0404,22.97,None
137.27,12.89,23.76,0.1072,23.66,Leakage
138.75,19.41,23.3,0.1292,34.76,None
109.95,18.48,41.07,0.0424,19.84,None
129.5,10.37,41.12,0.013,20.36,None
112.33,12.98,22.52,0.0277,14.83,Leakage
135.4,19.07,37.33,0.0957,30.78,None
125.14,17.43,30.83,0.0359,18.09,None
157.48,13.75,39.38,0.1467,45.84,Fatigue
142.46,17.05,30.91,0.1047,18.92,None
121.58,12.71,28.16,0.1114,21.22,Leakage
107.12,11.76,28.06,0.1452,21.3,Leakage
115.91,16.97,34.59,0.0677,13.04,None
137.91,14.83,28.09,0.069,23.77,Leakage
107.15,15.88,43.42,0.1422,24.32,None
153.81,12.94,31.81,0.1143,39.82,Fatigue
158.78,19.03,30.98,0.0292,25.45,None
137.33,11.79,23.5,0.0539,15.79,Leakage
121.29,10.99,28.36,0.0813,29.11,Leakage
111.72,10.28,28.51,0.1022,13.34,Leakage
100.01,11.25,42.27,0.0185,9.2,None
105.35,19.15,24.13,0.0492,6.6,None
155.69,16.04,39.41,0.0222,27.76,None
121.92,19.38,35.95,0.1249,29.69,None
109.93,17.28,37.49,0.1434,23.74,None
136.97,19.81,21.62,0.002,17.35,None
118.86,14.26,20.76,0.1441,26.16,Leakage
151.31,15.6,27.39,0.0432,29.5,Leakage
124.01,11.83,40.83,0.0151,20.44,None
103.96,14.25,37.24,0.0399,2.48,None
144.61,18.63,21.43,0.0585,23.66,None
130.64,18.7,34.84,0.1197,34.96,None
132.88,19.89,40.17,0.1395,25.92,None
109.08,12.21,31.74,0.0047,6.96,None
141.94,15.19,37.1,0.1425,47.65,None
142.32,19.97,24.69,0.0393,24.42,None
152.66,14.28,28.63,0.1168,38.79,Fatigue
129.06,13.21,20.43,0.0091,12.36,Leakage
104.95,10.53,22.21,0.0111,4.08,Leakage
133.51,10.63,21.99,0.0217,16.76,Leakage
127.11,13.38,30.12,0.0221,17.37,None
105.15,11.9,39.62,0.0987,10.55,None
142.42,12.53,42.05,0.0965,19.06,Corrosion
125.13,11.46,28.12,0.1271,24.39,Leakage
158.93,17.3,39.71,0.1202,48.31,Fatigue
156.06,11.43,30.14,0.0258,30.33,None
131.21,15.49,26.31,0.1397,36.04,Leakage
125.67,15.69,40.71,0.1186,14.45,None
131.24,12.47,39.54,0.1362,40.67,None
159.55,16.66,28.54,0.0904,26.48,Leakage
133.98,11.61,33.75,0.1491,33.62,None
111.97,14.32,33.95,0.0202,5.51,None
104.63,12.61,22.67,0.1284,17.68,Leakage
110.47,12.25,35.01,0.1229,21.56,None
105.47,16.68,37.9,0.1011,14.14,None
120.63,15.13,29.58,0.0742,24.87,Leakage
102.69,15.66,25.15,0.0952,4.9,Leakage
142.57,10.73,40.77,0.0746,29.72,Corrosion
156.46,10.99,28.57,0.0428,29.64,Leakage
134.85,11.96,24.51,0.0098,16.35,Leakage
133.03,16.05,36.08,0.0743,11.55,None
128.41,11.64,28.72,0.0239,9.88,Leakage
145.36,11.08,34.82,0.0339,25.83,None
126.74,15.6,33.83,0.095,27.2,None
148.68,11.86,26.44,0.1416,34.15,Leakage
114.69,12.05,33.02,0.0506,12.9,None
120.59,14.17,44.31,0.1173,29.89,None
130.8,11.76,28.3,0.0234,18.95,Leakage
120.54,14.69,22.21,0.0647,19.12,Leakage
137.17,13.57,30.11,0.0093,14.98,None
130.5,19.35,31.11,0.0302,14.4,None
127.83,15.73,24.44,0.0174,13.13,Leakage
133.05,18.27,21.92,0.141,27.95,None
129.09,13.21,32.54,0.0741,25.57,None
137.76,10.69,25.6,0.0599,18.68,Leakage
150.77,15.4,39.38,0.068,26.8,None
152.93,11.61,24.93,0.0877,40.73,Leakage
158.47,17.23,37.38,0.0647,29.41,None
129.98,17.05,31.32,0.1115,28.75,None
115.69,13.34,41.74,0.1409,30.79,None
125.95,10.17,35.83,0.1405,23.58,None
141.45,13.95,36.73,0.1381,33.11,None
109.35,10.48,42.81,0.1128,32.39,None
129.19,15.99,44.38,0.0257,20.67,None
149.19,12.84,35.27,0.1023,29.48,None
104.43,18.63,39.8,0.057,17.43,None
133.92,16.47,31.7,0.09,26.07,None
115.88,19.77,35.63,0.0167,7.94,None
131.03,14.79,44.96,0.0993,24.85,None
159.22,14.59,43.68,0.1261,45.1,Fatigue
118.58,13.74,37.41,0.1148,29.18,None
130.1,14.36,31.88,0.1021,21.57,None
146.82,18.05,43.28,0.1139,34.22,Corrosion
142.46,10.04,20.24,0.058,21.51,Leakage
100.29,19.21,28.62,0.112,12.01,None
147.02,15.82,39.24,0.0386,32.96,None
102.17,16.01,44.81,0.1343,22.59,None
118.23,13.09,24.15,0.0014,12.37,Leakage
115.41,11.89,38.29,0.0017,7.86,None
148.93,17.82,34.0,0.0809,26.82,None
111.64,11.01,36.59,0.1231,22.58,None
146.88,10.12,25.13,0.1111,38.51,Leakage
122.7,10.02,23.45,0.0832,16.89,Leakage
127.74,14.49,34.18,0.1096,30.28,None
106.21,17.31,28.01,0.0478,13.2,Leakage
120.96,17.81,31.76,0.0988,22.49,None
133.88,17.85,22.49,0.1029,37.03,Leakage
127.85,19.55,30.62,0.0032,11.92,None
107.45,12.57,35.75,0.084,15.93,None
110.63,19.84,24.1,0.0822,25.17,None
144.09,19.7,44.58,0.0273,23.34,Corrosion
116.44,18.07,38.36,0.0351,23.05,None
124.48,19.85,29.5,0.0905,16.56,None
105.9,15.36,41.54,0.0405,5.83,None
155.15,17.65,33.17,0.0721,31.34,None
152.4,11.72,31.04,0.0545,26.83,None
118.54,14.92,32.99,0.0036,4.66,None
114.68,12.61,27.39,0.1451,15.5,Leakage
144.42,19.42,36.28,0.0049,24.38,None
153.78,14.6,36.54,0.1402,47.13,Fatigue
126.84,18.02,20.04,0.1127,30.59,None
109.81,18.92,25.56,0.0583,15.14,None
113.79,17.26,41.66,0.0731,21.13,None
151.94,14.13,36.87,0.1076,36.18,Fatigue
158.84,15.31,27.71,0.1487,34.45,Fatigue
104.65,14.62,38.37,0.0236,4.81,None
143.48,12.93,43.4,0.0532,23.36,Corrosion
117.18,15.91,30.27,0.0358,23.33,None
144.96,14.65,21.75,0.1112,28.2,Leakage
157.14,17.47,34.37,0.1322,48.41,Fatigue
153.03,15.45,36.21,0.1471,42.52,Fatigue
131.22,19.3,44.07,0.0309,17.7,None
159.28,11.34,39.59,0.1311,37.98,Fatigue
102.37,15.87,32.84,0.109,7.77,None
111.24,15.34,31.9,0.0714,10.64,None
109.72,18.28,28.69,0.0278,9.57,None
144.77,14.36,36.97,0.1337,35.33,None
115.24,18.12,25.79,0.0941,14.66,None
116.8,13.46,33.71,0.0519,21.69,None
104.08,10.6,36.98,0.0523,9.96,None
123.27,17.94,44.91,0.0457,19.1,None
114.35,18.39,42.41,0.0528,14.29,None
158.4,11.77,31.63,0.0707,32.36,None
138.22,10.03,38.24,0.0712,24.26,None
121.36,16.47,20.12,0.0614,7.86,Leakage
129.77,19.27,29.25,0.1067,32.9,None
139.58,18.65,38.16,0.082,27.44,None
157.19,11.85,26.96,0.0572,28.72,Leakage
121.45,13.04,38.58,0.093,16.97,None
131.83,19.15,29.02,0.1096,30.25,None
108.09,15.12,22.42,0.037,16.74,Leakage
126.01,18.09,24.68,0.0484,21.4,None
138.99,11.35,24.13,0.08,32.64,Leakage
111.81,10.2,29.5,0.0281,7.22,Leakage
120.78,12.84,36.53,0.0971,28.34,None
149.6,19.54,42.43,0.0286,37.76,Corrosion
109.07,18.43,31.55,0.1018,16.44,None
138.27,12.91,23.99,0.0721,15.81,Leakage
118.01,18.12,27.34,0.0316,13.19,None
130.75,15.87,34.18,0.0981,31.92,None
109.49,10.27,28.32,0.1197,22.24,Leakage
124.73,19.76,23.26,0.1106,25.44,None
113.97,12.72,27.05,0.1077,25.49,Leakage
118.71,16.73,24.48,0.0038,13.28,Leakage
150.54,12.96,33.1,0.022,17.28,None
130.36,19.53,36.41,0.0242,23.4,None
129.98,16.21,20.73,0.0032,10.81,Leakage
118.62,10.33,34.5,0.081,12.37,None
158.84,11.29,21.53,0.0087,18.82,Leakage
103.3,10.65,44.68,0.0735,4.46,None
120.31,11.57,37.32,0.0125,14.37,None
157.29,15.2,32.11,0.1489,42.81,Fatigue
128.48,14.68,43.63,0.133,32.57,None
143.99,10.55,44.68,0.0244,23.2,Corrosion
101.52,11.35,24.46,0.1111,16.78,Leakage
108.27,15.01,39.57,0.0752,17.8,None
151.81,13.44,35.33,0.0667,28.69,None
134.1,14.7,39.58,0.0435,26.37,None
125.96,10.29,43.43,0.0753,15.98,None
118.75,19.04,26.38,0.138,23.73,None
145.36,12.06,28.16,0.0037,19.26,Leakage
112.11,17.54,21.06,0.0366,17.85,Leakage
145.77,10.12,38.53,0.0833,41.52,None
102.03,18.29,34.17,0.0053,1.82,None
123.0,11.94,27.1,0.0578,13.37,Leakage
155.21,11.05,27.44,0.0202,20.19,Leakage
133.6,14.24,33.22,0.0773,25.47,None
110.1,18.55,22.1,0.0871,8.92,None
109.67,17.77,32.32,0.1243,20.59,None
147.45,17.65,35.4,0.1074,38.57,None
114.87,18.05,31.22,0.0379,17.05,None
153.58,14.82,29.28,0.0865,35.74,Leakage
114.14,16.78,40.64,0.0804,16.27,None
106.77,19.58,43.23,0.0054,10.37,None
109.99,15.94,22.15,0.1048,22.75,Leakage
136.0,10.21,20.03,0.0233,23.2,Leakage
111.87,12.72,21.61,0.0955,9.24,Leakage
133.56,19.32,36.44,0.0592,33.09,None
138.64,17.95,24.15,0.0479,21.4,Leakage
108.02,10.5,35.31,0.1061,23.07,None
138.68,13.78,39.39,0.1455,40.86,None
154.47,13.82,30.72,0.0758,23.92,None
102.92,11.22,32.4,0.0316,13.49,None
142.99,19.06,22.99,0.1222,35.88,None
141.17,11.35,40.06,0.0901,31.82,Corrosion
149.03,16.7,38.35,0.1184,38.99,None
138.24,10.19,26.24,0.0477,28.05,Leakage
152.92,15.57,25.91,0.0183,29.06,Leakage
134.5,13.08,44.83,0.0946,35.08,None
152.12,14.71,32.46,0.0288,31.46,None
124.81,17.06,22.57,0.0452,12.34,Leakage
159.16,13.15,36.93,0.1086,42.49,Fatigue
152.31,16.04,44.05,0.0803,32.31,Corrosion
158.09,13.07,34.26,0.0807,39.04,None
153.67,11.1,22.89,0.0484,34.21,Leakage
141.17,10.28,37.87,0.0245,21.5,None
154.8,19.05,36.75,0.072,36.31,None
101.65,17.59,23.16,0.1193,8.98,Leakage
109.91,18.44,43.75,0.0504,8.59,None
142.87,17.51,43.01,0.1099,36.48,Corrosion
136.31,10.04,34.83,0.008,16.38,None
154.17,12.47,27.09,0.0451,29.11,Leakage
111.12,17.73,23.81,0.0249,11.25,Leakage
149.41,13.14,20.59,0.1439,32.43,Leakage
112.76,18.59,26.17,0.0868,12.69,None
120.72,11.34,38.12,0.1357,20.89,None
144.28,18.39,42.75,0.0957,30.06,Corrosion
118.44,15.88,40.81,0.0929,20.28,None
102.59,15.26,34.19,0.0012,0.0,None
113.9,18.17,26.21,0.1104,19.42,None
121.18,13.47,36.08,0.0438,20.33,None
101.11,17.2,32.72,0.1491,23.17,None
140.7,10.63,26.22,0.1112,26.23,Leakage
121.64,12.01,37.34,0.0728,16.2,None
133.49,19.4,33.31,0.0056,20.06,None
120.29,12.72,41.03,0.0783,22.23,None
117.24,17.79,42.73,0.0182,11.24,None
142.12,12.33,37.15,0.0328,22.27,None
123.29,16.08,37.46,0.0397,18.14,None
143.38,18.23,21.14,0.0713,27.42,None
153.62,17.67,20.29,0.0903,31.0,Leakage
137.61,18.88,28.52,0.0832,36.08,None
129.06,11.14,27.73,0.0538,29.45,Leakage
127.23,12.68,40.72,0.0494,9.47,None
134.83,13.45,42.76,0.0567,25.52,None
139.89,15.28,23.42,0.1182,30.0,Leakage
138.86,13.32,21.84,0.0688,26.61,Leakage
116.76,18.5,31.38,0.121,24.58,None
106.48,16.82,34.09,0.1041,17.39,None
128.91,12.5,25.0,0.0959,25.27,Leakage
143.85,12.73,32.42,0.0622,25.83,None
146.87,13.28,37.33,0.0255,31.51,None
156.83,17.75,36.07,0.0558,29.17,None
137.7,11.46,22.3,0.0507,20.55,Leakage
139.07,13.18,38.56,0.0116,14.0,None
135.89,11.06,20.44,0.1418,33.72,Leakage
102.36,16.69,25.02,0.1005,7.92,Leakage
132.77,17.86,34.72,0.1159,31.12,None
119.18,14.58,34.78,0.0309,9.81,None
110.1,14.84,28.04,0.0585,20.82,Leakage
134.21,19.49,42.59,0.0164,19.51,None
154.37,12.74,25.38,0.0057,28.0,Leakage
110.66,14.29,26.42,0.0291,11.19,Leakage
117.26,10.48,38.52,0.1424,27.44,None
141.76,18.25,41.82,0.1078,34.5,Corrosion
138.9,18.14,23.25,0.1051,33.56,None
136.33,17.6,40.76,0.1236,32.41,None
155.86,16.84,35.26,0.0298,31.35,None
151.62,12.54,24.72,0.0216,16.09,Leakage
102.61,17.32,30.38,0.1185,11.42,None
116.09,18.22,31.64,0.0995,23.31,None
134.47,15.65,31.79,0.1412,30.36,None
116.16,18.54,39.21,0.0888,15.04,None
133.65,11.59,33.75,0.0751,27.03,None
128.64,18.43,25.02,0.0746,27.36,None
105.83,13.21,28.6,0.0465,21.78,Leakage
107.38,14.59,22.41,0.041,13.85,Leakage
108.7,15.52,40.25,0.1119,12.21,None
138.08,19.71,38.63,0.1205,19.98,None
144.75,12.07,40.45,0.0456,30.0,Corrosion
142.27,15.16,24.47,0.0227,23.05,Leakage
132.01,18.4,42.15,0.0365,23.79,None
111.08,15.55,32.37,0.1095,23.03,None
150.22,15.28,25.6,0.0477,22.75,Leakage
136.61,17.27,36.26,0.0842,34.52,None
148.98,12.1,27.26,0.0129,20.21,Leakage
123.5,18.69,29.91,0.0724,24.16,None
112.84,19.04,32.67,0.0775,7.47,None
157.68,19.08,26.2,0.1088,34.33,Fatigue
104.29,13.85,28.68,0.0774,11.53,Leakage
146.56,12.05,27.58,0.1125,33.17,Leakage
135.61,14.1,29.78,0.06,19.71,Leakage
121.64,10.28,35.09,0.1047,21.28,None
122.58,10.08,42.99,0.0545,21.93,None
145.38,13.63,23.97,0.0636,26.49,Leakage
145.46,11.32,20.74,0.0764,23.48,Leakage
133.25,10.87,43.46,0.0026,19.02,None
125.4,15.81,35.37,0.1058,26.26,None
129.55,10.94,26.72,0.1169,21.88,Leakage
116.36,15.58,32.04,0.0359,19.53,None
101.67,15.47,38.69,0.1339,24.74,None
143.25,17.79,30.2,0.0429,21.48,None
154.81,19.4,27.19,0.0794,24.48,None
125.05,19.12,27.06,0.0528,20.1,None
108.63,19.04,27.42,0.1452,25.6,None
108.26,19.68,22.84,0.0824,13.59,None
101.65,12.54,32.4,0.0649,13.93,None
112.19,19.96,42.37,0.1398,29.96,None
104.64,17.63,33.39,0.1104,17.1,None
114.72,15.39,35.29,0.0775,10.03,None
108.62,18.4,25.72,0.0334,20.03,None
119.77,17.42,24.56,0.132,21.4,Leakage
110.08,16.44,24.9,0.0691,7.37,Leakage
157.05,17.96,43.79,0.0492,33.3,Corrosion
147.14,10.3,20.87,0.1354,30.88,Leakage
147.23,17.73,39.74,0.0608,35.62,None
153.22,15.69,37.01,0.1293,41.13,Fatigue
130.24,11.14,27.81,0.0823,24.55,Leakage
159.14,18.31,24.93,0.0912,28.56,None
156.74,10.84,21.48,0.1063,37.18,Fatigue
142.53,17.11,30.89,0.0193,18.25,None
119.62,17.28,26.26,0.0492,24.95,Leakage
106.62,11.41,31.87,0.0731,6.23,None
152.93,15.68,23.83,0.0117,28.09,Leakage
158.29,19.86,41.21,0.0027,32.2,Corrosion
101.52,11.31,28.53,0.1076,9.96,Leakage
135.94,13.27,36.63,0.0374,27.09,None
105.62,17.58,39.45,0.1323,21.64,None
143.12,12.83,38.22,0.0413,27.57,None
156.24,17.57,40.03,0.0441,25.57,Corrosion
150.44,16.87,20.69,0.0533,29.17,Leakage
103.81,17.53,26.94,0.0912,16.1,Leakage
103.55,19.71,37.71,0.0258,0.41,None
143.65,18.53,22.38,0.0451,30.3,None
154.45,17.46,30.29,0.143,39.51,Fatigue
137.72,12.69,26.49,0.0063,27.51,Leakage
152.13,19.68,37.54,0.051,33.68,None
138.15,13.89,31.3,0.0925,30.25,None
109.75,14.57,32.32,0.0184,8.22,None
113.21,15.44,27.71,0.1205,21.28,Leakage
130.78,14.86,38.62,0.0772,26.71,None
147.28,19.83,24.76,0.085,32.78,None
147.8,17.44,42.22,0.0578,32.75,Corrosion
119.77,14.58,22.6,0.1321,19.99,Leakage
144.41,19.19,43.78,0.1316,31.84,Corrosion
145.32,15.24,40.74,0.0309,22.64,Corrosion
119.17,18.0,23.76,0.0209,9.07,None
105.29,13.75,30.92,0.1319,23.66,None
118.56,19.69,42.43,0.0772,24.56,None
152.79,10.71,26.86,0.0806,37.97,Leakage
139.4,18.64,39.87,0.0543,27.24,None
122.58,12.46,30.0,0.0866,16.74,None
140.38,12.66,30.88,0.1011,31.36,None
109.59,13.74,42.15,0.0747,9.92,None
105.67,11.82,35.2,0.1149,10.86,None
142.5,19.24,23.15,0.0565,25.84,None
129.26,15.02,22.62,0.0417,17.79,Leakage
106.64,14.57,38.04,0.0889,12.95,None
152.8,15.83,21.93,0.0524,23.74,Leakage
158.77,18.25,37.2,0.0081,23.07,None
131.36,10.11,33.72,0.0665,21.3,None
119.85,18.76,33.6,0.0203,23.97,None
113.18,17.74,44.73,0.1288,33.66,None
122.23,12.43,31.58,0.0402,13.25,None
136.39,15.14,39.05,0.1467,32.99,None
101.36,12.63,43.95,0.0484,6.53,None
154.77,18.15,41.66,0.0923,29.62,Corrosion
134.43,15.27,39.69,0.0945,34.33,None
107.57,14.51,31.46,0.0542,14.44,None
114.66,14.06,35.29,0.0403,6.97,None
117.65,10.27,22.75,0.0284,2.59,Leakage
103.77,10.95,26.36,0.1362,21.14,Leakage
114.63,17.58,33.9,0.0609,22.21,None
144.39,19.81,21.92,0.0088,12.08,None
159.25,18.42,22.89,0.1472,37.09,Fatigue
139.21,11.25,24.84,0.0159,19.51,Leakage
117.95,14.06,32.12,0.1164,23.37,None
131.56,15.57,32.48,0.1044,21.27,None
100.35,16.77,36.67,0.1032,10.33,None
112.42,14.33,30.7,0.0351,10.74,None
138.74,14.0,37.47,0.0023,27.22,None
116.35,17.65,27.94,0.0971,22.07,Leakage
107.54,10.26,38.65,0.1182,20.23,None
118.78,12.48,38.22,0.1271,12.39,None
123.15,10.56,29.75,0.0244,24.41,Leakage
122.97,19.85,44.09,0.0137,27.72,None
145.17,10.83,23.57,0.1343,35.68,Leakage
136.53,15.46,43.78,0.0626,32.31,None
137.31,13.72,23.41,0.0766,21.09,Leakage
137.22,11.97,33.96,0.0524,22.27,None
137.21,16.39,37.18,0.0294,21.51,None
141.69,18.72,21.01,0.0757,32.19,None
131.4,16.81,27.1,0.0218,13.54,Leakage
103.52,19.98,20.24,0.0731,13.11,None
115.8,13.77,39.22,0.1044,22.72,None
140.05,19.18,23.36,0.0742,22.41,None
103.32,16.76,37.74,0.1106,12.88,None
100.4,11.04,38.6,0.0224,3.5,None
145.03,13.44,43.66,0.071,39.95,Corrosion
159.23,12.71,32.9,0.0379,27.6,None
134.46,15.77,28.16,0.077,27.49,Leakage
116.23,15.18,43.39,0.0078,10.36,None
111.05,11.45,44.19,0.0123,15.47,None
153.99,16.63,22.7,0.0386,25.45,Leakage
110.4,10.31,23.17,0.1162,17.24,Leakage
153.27,10.68,27.1,0.0064,27.17,Leakage
106.71,19.76,38.28,0.1372,19.64,None
140.38,11.07,24.67,0.0976,27.5,Leakage
129.6,18.2,37.82,0.056,29.91,None
131.55,10.07,44.2,0.0115,19.95,None
138.16,13.59,41.06,0.1399,39.54,None
108.46,10.28,20.35,0.0834,5.53,Leakage
143.48,17.84,25.69,0.0443,27.69,Leakage
133.59,18.93,44.22,0.1205,28.12,None
109.13,18.04,24.37,0.0843,11.59,None
122.74,14.78,38.51,0.1166,20.13,None
120.55,17.49,38.41,0.0104,17.34,None
102.58,17.24,41.15,0.0393,14.14,None
124.89,17.34,42.84,0.0243,16.81,None
117.13,12.58,35.5,0.0228,9.43,None
129.94,14.22,44.22,0.1435,26.93,None
144.75,10.65,40.16,0.0481,34.33,Corrosion
152.66,13.5,26.34,0.1118,27.35,Fatigue
132.37,19.62,34.32,0.0459,30.76,None
137.5,16.41,44.05,0.1004,24.64,None
149.21,17.39,26.21,0.1383,35.95,Leakage
133.83,18.91,37.63,0.0291,17.79,None
106.01,16.81,35.35,0.1365,21.78,None
147.44,11.34,23.2,0.0717,24.52,Leakage
102.82,17.05,20.29,0.1484,15.67,Leakage
131.29,18.64,41.34,0.096,33.25,None
109.1,13.42,21.94,0.0685,7.22,Leakage
136.67,19.07,29.81,0.0156,18.0,None
149.97,14.27,37.78,0.1106,28.56,None
139.38,16.33,29.1,0.0295,29.08,Leakage
139.59,15.63,35.38,0.0093,25.55,None
150.59,18.9,33.4,0.0127,23.18,None
126.46,10.07,35.1,0.1434,32.0,None
123.31,15.22,22.17,0.1188,17.57,Leakage
120.04,17.66,23.09,0.1077,26.28,Leakage
102.36,13.46,27.54,0.1142,2.76,Leakage
123.13,14.35,44.4,0.1359,24.91,None
133.69,17.33,29.29,0.0946,20.24,Leakage
110.87,15.57,38.9,0.1049,25.29,None
140.95,13.94,24.5,0.0491,18.31,Leakage
131.81,14.48,29.7,0.0092,15.67,Leakage
111.89,15.67,41.73,0.139,29.04,None
156.96,17.5,35.82,0.0721,36.77,None
117.09,13.98,29.88,0.0334,17.59,Leakage
120.69,15.09,31.79,0.0291,12.82,None
150.05,18.42,43.04,0.0834,23.12,Corrosion
124.35,18.54,20.86,0.0225,18.28,None
125.16,15.21,29.64,0.0971,27.09,Leakage
123.14,19.74,36.16,0.011,14.6,None
132.09,18.8,28.13,0.0415,20.79,None
140.41,18.04,39.03,0.0529,23.62,None
157.01,10.68,30.58,0.1105,41.31,Fatigue
107.17,15.8,41.0,0.1275,31.99,None
102.36,17.7,44.74,0.0918,19.2,None
147.27,12.69,36.14,0.1374,45.77,None
140.81,14.53,29.78,0.0555,12.05,Leakage
132.73,11.83,39.53,0.0824,16.28,None
149.8,15.38,38.07,0.0633,27.12,None
150.25,11.66,38.35,0.0348,23.77,None
146.56,15.75,35.26,0.0934,45.01,None
149.41,14.91,44.03,0.0943,31.48,Corrosion
137.91,18.98,38.17,0.1064,31.06,None
139.46,13.87,37.59,0.0907,31.83,None
144.91,12.16,32.18,0.1483,39.06,None
146.01,14.23,20.08,0.0534,39.26,Leakage
113.71,15.08,35.47,0.0383,10.86,None
111.31,14.38,37.18,0.0781,19.52,None
102.22,11.02,43.63,0.0496,5.21,None
138.92,16.23,40.71,0.0993,36.77,None
130.08,18.18,33.5,0.0019,14.21,None
123.37,17.0,33.84,0.0256,17.61,None
129.47,18.36,28.08,0.0408,23.94,None
115.37,14.45,41.04,0.0679,12.54,None
151.04,16.34,38.65,0.1374,42.84,Fatigue
121.68,10.38,25.05,0.011,5.29,Leakage
106.82,12.41,34.72,0.046,11.33,None
121.84,12.28,27.59,0.1027,23.23,Leakage
101.4,17.45,30.9,0.1416,12.42,None
153.56,18.81,37.48,0.0726,35.16,None
118.11,17.89,27.4,0.0569,11.83,Leakage
132.18,13.2,28.84,0.1294,34.79,Leakage
104.4,12.89,42.99,0.1305,18.84,None
117.21,19.64,40.0,0.1313,24.2,None
112.75,11.04,44.44,0.0165,4.52,None
118.75,13.08,32.97,0.0124,12.84,None
145.8,14.76,36.36,0.1038,41.23,None
120.5,14.06,37.58,0.002,7.15,None
132.72,14.75,38.78,0.0286,19.76,None
156.75,19.85,25.63,0.0657,30.69,None
116.33,10.91,28.76,0.026,2.76,Leakage
105.54,13.07,20.93,0.0433,10.51,Leakage
158.54,18.84,43.84,0.0849,41.53,Corrosion
110.43,16.79,22.26,0.1481,18.78,Leakage
154.47,18.6,26.94,0.0673,37.8,None
153.93,15.95,41.8,0.1034,36.97,Fatigue
115.54,13.27,41.16,0.1089,20.5,None
157.43,13.88,29.56,0.0312,27.34,Leakage
159.6,13.24,39.1,0.0572,40.39,None
138.06,13.39,43.63,0.0748,28.78,None
120.21,15.43,38.54,0.0801,18.45,None
107.64,13.7,30.95,0.1471,21.15,None
112.64,17.54,36.69,0.0971,22.64,None
148.02,14.49,20.12,0.0772,30.18,Leakage
133.99,14.76,24.89,0.005,10.87,Leakage
115.24,12.16,26.97,0.066,16.59,Leakage
108.66,16.38,32.12,0.0457,13.25,None
138.28,14.5,25.77,0.0981,27.38,Leakage
145.05,11.44,26.09,0.1056,35.98,Leakage
134.91,16.2,21.42,0.0111,20.82,Leakage
112.69,13.05,32.25,0.0139,6.53,None
113.54,16.57,40.53,0.0294,12.2,None
102.35,11.24,41.02,0.0427,10.7,None
124.13,13.21,20.92,0.0023,6.88,Leakage
108.72,16.77,38.56,0.0061,17.52,None
150.16,18.43,35.7,0.1485,45.98,Fatigue
153.9,15.08,21.07,0.114,29.97,Fatigue
101.01,18.61,32.82,0.1212,26.22,None
128.09,18.06,23.58,0.1306,27.78,None
136.09,14.42,20.98,0.1064,24.58,Leakage
134.7,18.25,37.53,0.0648,25.6,None
150.05,13.25,21.38,0.1438,46.77,Fatigue
144.38,16.61,26.16,0.0067,22.03,Leakage
125.88,16.81,41.72,0.0698,20.73,None
149.98,14.92,25.29,0.0535,25.81,Leakage
116.81,18.93,24.75,0.1114,24.58,None
143.24,18.16,22.81,0.105,32.61,None
154.7,13.07,24.17,0.0298,25.89,Leakage
102.38,18.8,21.78,0.0312,0.79,None
118.42,16.08,25.59,0.0982,21.32,Leakage
122.61,13.72,27.76,0.0137,17.12,Leakage
125.04,19.05,26.24,0.0771,29.16,None
155.11,15.25,32.37,0.0921,35.21,None
146.46,15.35,44.41,0.0533,33.13,Corrosion
156.1,14.19,21.73,0.0788,29.56,Leakage
123.39,10.84,33.48,0.0535,13.78,None
114.33,10.46,30.16,0.0946,13.67,None
115.91,18.97,24.12,0.0167,18.0,None
132.09,19.63,20.38,0.1415,29.93,None
156.36,11.65,34.73,0.0951,35.94,None
101.66,14.6,32.98,0.0764,10.04,None
143.94,16.85,21.45,0.0015,30.4,Leakage
138.44,12.98,22.91,0.1391,30.67,Leakage
147.98,15.19,24.15,0.1376,39.47,Leakage
106.83,13.18,25.05,0.0202,9.99,Leakage
138.46,12.03,37.16,0.0566,27.76,None
132.13,18.87,28.14,0.0617,28.04,None
155.52,19.51,21.26,0.1358,34.05,Fatigue
153.79,12.5,42.44,0.1227,41.7,Fatigue
152.43,10.85,44.47,0.0916,33.2,Corrosion
127.98,10.17,41.17,0.0677,22.3,None
126.82,10.55,31.61,0.143,29.67,None
139.74,16.27,43.79,0.0261,27.78,None
145.35,17.53,27.78,0.0858,22.37,Leakage
101.63,14.4,30.83,0.0368,0.0,None
102.77,11.78,24.27,0.0818,16.76,Leakage
116.51,19.55,25.71,0.1111,24.17,None
124.19,10.33,43.62,0.1222,22.35,None
111.08,12.52,44.86,0.088,19.57,None
157.95,14.44,22.37,0.1234,38.21,Fatigue
147.96,15.56,39.61,0.0718,32.08,None
113.22,15.11,39.13,0.1261,31.43,None
148.93,19.95,23.77,0.1312,28.55,None
107.91,15.89,33.08,0.081,16.79,None
127.87,17.8,38.57,0.1108,23.47,None
129.0,19.12,42.47,0.1312,30.12,None
155.33,13.13,23.01,0.0945,26.12,Leakage
110.83,13.11,40.3,0.1473,25.19,None
144.11,15.38,31.82,0.0342,33.05,None
114.9,11.55,22.73,0.1078,8.18,Leakage
112.71,19.89,32.26,0.1396,22.18,None
148.76,10.71,36.73,0.0575,36.0,None
154.77,10.31,42.24,0.022,44.36,Corrosion
146.38,10.81,30.65,0.0347,24.51,None
133.22,11.93,29.7,0.1363,23.01,Leakage
116.6,18.34,42.28,0.1351,25.03,None
134.91,10.88,35.8,0.1431,30.94,None
114.13,12.21,40.63,0.054,14.13,None
139.12,17.58,28.53,0.1472,33.2,Leakage
116.62,12.67,42.14,0.0561,16.47,None
118.67,13.28,37.04,0.0638,24.3,None
118.65,19.54,22.23,0.0922,24.08,None
115.59,19.53,44.74,0.0432,18.48,None
157.73,12.06,26.87,0.0232,36.77,Leakage
146.86,18.42,37.07,0.107,27.85,None
135.05,12.37,37.07,0.0391,25.45,None
137.84,15.5,36.79,0.0322,23.31,None
159.05,10.59,27.73,0.0134,25.3,Leakage
125.39,16.48,34.07,0.1058,25.61,None
107.1,12.16,33.45,0.0037,4.48,None
139.04,14.91,33.05,0.0854,37.23,None
111.01,12.7,30.71,0.0834,24.39,None
142.63,15.08,39.35,0.1366,32.89,None
105.71,17.45,24.26,0.1476,21.82,Leakage
102.76,12.32,40.31,0.035,0.0,None
107.1,15.32,36.61,0.0101,12.82,None
129.36,14.29,27.16,0.0454,23.3,Leakage
113.15,10.05,25.07,0.1197,16.72,Leakage
101.85,18.8,33.7,0.1052,9.8,None
100.5,18.73,35.25,0.0778,11.52,None
130.37,17.48,21.28,0.0461,26.71,Leakage
152.9,12.84,37.45,0.1484,35.53,Fatigue
118.7,15.9,31.46,0.0411,16.49,None
127.56,14.24,38.6,0.1053,27.82,None
126.61,15.7,33.1,0.1073,20.89,None
151.43,19.42,31.17,0.125,42.59,Fatigue
159.29,14.1,43.45,0.0714,39.83,Corrosion
104.65,13.38,39.92,0.0432,17.81,None
132.43,13.84,21.73,0.136,24.8,Leakage
106.89,17.95,24.63,0.0195,7.9,Leakage
123.76,16.38,38.12,0.1137,21.14,None
114.29,15.27,31.99,0.0654,13.84,None
150.71,13.03,38.49,0.0082,15.47,None
127.59,16.85,36.54,0.0213,19.38,None
105.37,15.19,41.38,0.0645,4.55,None
119.75,17.79,29.14,0.1005,26.49,Leakage
141.55,12.13,42.86,0.0783,26.75,Corrosion
155.31,14.23,43.37,0.0958,31.84,Corrosion
101.52,10.08,36.48,0.0876,13.65,None
155.15,13.34,44.48,0.0161,28.17,Corrosion
109.68,19.09,21.22,0.0558,12.12,None
133.77,17.54,22.89,0.1075,27.72,Leakage
130.55,16.05,30.32,0.0202,20.8,None
151.52,19.45,43.23,0.03,32.96,Corrosion
146.84,15.87,26.99,0.1071,34.15,Leakage
105.13,19.95,20.4,0.032,0.57,None
159.6,12.86,33.43,0.0655,40.65,None
100.99,10.86,25.78,0.0228,9.58,Leakage
148.09,13.71,20.82,0.0715,30.69,Leakage
105.81,17.42,35.88,0.1115,15.47,None
150.4,15.43,40.16,0.0179,22.56,Corrosion
142.63,11.9,27.79,0.11,19.76,Leakage
155.55,15.76,38.89,0.0927,35.56,None
132.27,15.59,43.88,0.075,29.42,None
107.64,18.28,20.58,0.0029,10.71,None
144.04,16.86,22.27,0.0788,27.88,Leakage
153.98,17.82,37.75,0.0727,44.31,None
143.3,19.01,40.8,0.0526,35.29,Corrosion
109.9,16.68,39.47,0.0878,12.18,None
110.62,13.24,41.64,0.0581,17.05,None
137.62,13.63,38.39,0.0022,24.61,None
139.47,10.91,22.57,0.1033,34.43,Leakage
141.66,14.23,32.01,0.1246,25.31,None
159.65,18.61,43.14,0.0341,47.88,Corrosion
119.53,14.66,27.43,0.1215,19.65,Leakage
145.97,18.57,32.05,0.0924,30.62,None
120.62,10.68,28.19,0.1178,20.66,Leakage
146.63,10.94,38.04,0.0981,24.41,None
120.84,19.25,24.39,0.0451,21.9,None
113.56,19.23,33.7,0.1017,25.94,None
134.55,12.06,41.05,0.0217,17.57,None
109.86,12.04,32.02,0.0863,12.94,None
156.02,13.85,39.25,0.1173,31.67,Fatigue
121.6,14.83,39.0,0.0592,22.67,None
129.0,19.12,29.78,0.0469,16.33,None
131.99,17.03,30.47,0.1487,30.03,None
122.04,13.28,25.51,0.0184,14.03,Leakage
133.8,17.39,29.94,0.1004,30.2,Leakage
147.28,13.41,21.45,0.0574,21.77,Leakage
118.62,14.57,20.53,0.0261,14.59,Leakage
140.65,10.87,29.47,0.0996,37.22,Leakage
125.67,18.18,30.98,0.0344,18.2,None
113.55,14.58,27.13,0.0697,16.09,Leakage
135.52,18.65,23.66,0.1492,30.14,None
115.79,12.3,37.98,0.1495,27.92,None
107.04,12.72,25.3,0.148,21.39,Leakage
159.98,19.82,32.46,0.1359,45.97,Fatigue
122.17,12.79,39.78,0.0867,18.27,None
113.93,16.04,35.36,0.0364,15.03,None
140.2,10.13,40.67,0.0585,27.17,Corrosion
105.51,12.47,31.86,0.0237,0.0,None
127.02,15.37,27.82,0.1189,34.28,Leakage
122.08,12.76,21.34,0.1397,24.5,Leakage
148.53,11.38,36.07,0.0557,28.67,None
110.18,13.0,35.78,0.0549,13.22,None
108.29,17.35,40.31,0.1231,14.49,None
131.57,16.42,33.15,0.1429,34.16,None
129.43,13.18,42.71,0.0491,16.89,None
140.66,15.14,27.18,0.0173,17.43,Leakage
146.84,13.78,40.63,0.0464,34.83,Corrosion
113.66,13.47,42.71,0.084,10.73,None
129.97,14.66,23.59,0.0111,15.31,Leakage
144.82,12.56,21.27,0.1305,30.3,Leakage
132.08,13.2,26.71,0.1049,17.08,Leakage
113.86,16.75,42.74,0.1256,28.31,None
137.34,18.11,38.25,0.0422,33.9,None
146.13,11.69,22.44,0.004,20.66,Leakage
154.38,18.09,25.27,0.135,34.18,Fatigue
107.8,10.35,33.19,0.1354,24.2,None
106.61,11.88,37.01,0.0506,17.1,None
131.43,15.81,43.21,0.1303,27.88,None
114.59,12.85,31.06,0.0865,11.04,None
113.23,12.08,42.46,0.1279,21.67,None
127.15,12.47,44.47,0.0299,24.13,None
137.89,15.95,35.67,0.0491,24.11,None
121.7,16.74,23.0,0.1014,23.98,Leakage
118.37,11.23,31.19,0.1168,23.0,None
109.39,14.15,31.69,0.0849,6.97,None
128.44,13.1,38.66,0.0541,23.05,None
141.39,17.23,20.02,0.0266,24.3,Leakage
129.59,16.37,34.5,0.044,19.99,None
101.82,13.5,24.01,0.0318,5.6,Leakage
157.91,15.56,31.17,0.1017,42.81,Fatigue
110.98,13.39,31.47,0.0147,6.75,None
133.64,13.72,39.6,0.0632,20.26,None
107.65,11.89,32.62,0.0355,19.15,None
111.71,19.27,44.33,0.1106,27.98,None
153.71,16.12,36.94,0.1087,37.38,Fatigue
148.06,17.32,39.5,0.0826,40.82,None
138.99,11.87,29.08,0.1005,31.83,Leakage
102.83,10.86,34.74,0.035,6.87,None
124.17,16.31,28.84,0.0653,16.4,Leakage
102.52,19.96,43.32,0.0398,5.3,None
126.38,11.39,27.12,0.0117,4.21,Leakage
114.13,12.25,39.84,0.105,24.0,None
147.21,16.91,26.3,0.0965,29.64,Leakage
112.56,11.61,29.56,0.1086,18.63,Leakage
126.51,15.21,38.0,0.1125,38.86,None
138.6,18.42,43.98,0.1297,31.6,None
140.33,13.1,36.29,0.1246,27.0,None
138.68,16.11,30.47,0.1289,37.71,None
148.78,19.07,38.39,0.1144,33.14,None
144.91,11.13,40.33,0.1126,31.0,Corrosion
152.86,18.59,24.84,0.0068,20.88,None
144.86,13.27,41.04,0.1168,32.66,Corrosion
156.89,19.33,26.69,0.0493,33.13,None
139.86,15.83,31.76,0.0769,26.94,None
141.93,14.33,28.57,0.0709,34.28,Leakage
104.79,16.08,20.65,0.0958,19.75,Leakage
129.75,18.66,27.08,0.1184,28.73,None
114.95,16.58,36.93,0.1492,24.26,None
127.5,16.67,37.44,0.0143,17.13,None
134.98,13.7,20.28,0.124,28.54,Leakage
146.98,15.8,40.19,0.1293,30.81,Corrosion
105.88,16.67,29.59,0.0739,13.86,Leakage
108.21,14.26,27.85,0.0187,0.86,Leakage
130.4,11.18,33.52,0.1088,33.19,None
131.64,10.6,32.62,0.1049,22.06,None
126.98,18.51,35.62,0.0055,16.94,None
112.98,15.16,29.82,0.0572,10.37,Leakage
115.23,17.4,29.39,0.11,23.71,Leakage
146.85,13.39,26.99,0.0089,30.5,Leakage
122.1,16.87,25.04,0.1227,30.66,Leakage
109.31,18.28,28.14,0.077,11.4,None
124.4,18.96,26.07,0.0593,17.36,None
121.82,18.66,44.85,0.1316,28.76,None
149.84,16.48,30.44,0.0763,28.32,None
120.99,12.88,31.76,0.0379,20.14,None
143.33,18.11,31.65,0.0373,27.48,None
147.44,15.36,23.55,0.0693,27.71,Leakage
100.05,18.31,32.02,0.1427,30.45,None
148.4,12.49,34.28,0.0784,26.55,None
107.29,14.15,27.45,0.0077,12.27,Leakage
105.06,18.36,30.68,0.0535,7.21,None
108.65,14.81,31.39,0.0379,13.59,None
107.04,19.0,42.7,0.0304,15.51,None
145.43,15.14,28.49,0.1131,31.92,Leakage
112.68,17.83,31.99,0.0921,21.18,None
111.67,17.9,42.79,0.1121,31.35,None
134.8,13.49,27.2,0.0766,31.51,Leakage
111.95,14.63,40.61,0.0495,20.7,None
120.41,13.49,44.84,0.0205,21.56,None
133.29,14.04,44.06,0.0188,25.43,None
126.23,14.01,22.74,0.0937,27.03,Leakage
109.26,19.13,33.37,0.0588,10.24,None
100.16,11.78,25.67,0.0175,3.43,Leakage
121.0,18.45,38.29,0.1135,23.93,None
135.61,16.21,34.47,0.0362,23.45,None
139.59,17.11,23.0,0.053,35.42,Leakage
125.91,13.74,41.16,0.0088,19.27,None
146.69,11.61,29.49,0.118,35.54,Leakage
133.13,16.5,38.06,0.0045,10.16,None
108.26,14.06,36.12,0.0899,11.03,None
138.84,18.79,27.02,0.1075,29.65,None
125.48,17.64,39.16,0.111,21.25,None
101.0,19.14,24.12,0.0955,9.66,None
137.49,17.87,20.1,0.071,17.64,Leakage
107.94,16.19,25.86,0.0357,20.1,Leakage
147.89,16.87,42.82,0.0044,28.55,Corrosion
122.46,16.88,42.48,0.1059,26.2,None
114.61,12.18,39.71,0.111,21.24,None
109.33,17.65,40.32,0.1079,10.41,None
113.92,14.32,30.0,0.1256,20.43,None
156.42,10.44,43.75,0.1273,48.28,Fatigue
151.17,17.36,30.5,0.073,30.34,None
115.95,12.34,33.07,0.1218,25.5,None
134.99,11.05,30.79,0.1006,22.36,None
137.44,16.15,25.33,0.0884,23.4,Leakage
141.82,13.75,24.19,0.0255,19.49,Leakage
105.47,10.35,21.63,0.1204,6.83,Leakage
128.83,18.15,22.8,0.0855,22.08,None
150.22,17.77,41.38,0.0406,28.43,Corrosion
130.8,18.02,32.6,0.0875,27.77,None
103.61,15.11,36.58,0.09,21.01,None
135.15,12.21,24.5,0.0591,14.54,Leakage
140.67,14.84,26.87,0.0664,26.34,Leakage
143.01,18.95,43.85,0.1444,43.11,Corrosion
157.33,18.19,32.43,0.0086,33.47,None
144.42,11.18,38.14,0.0581,25.09,None
148.79,17.39,29.7,0.09,35.84,Leakage
121.03,13.94,25.41,0.0109,5.37,Leakage
107.46,13.08,43.84,0.0384,9.3,None
128.96,10.52,39.82,0.012,24.62,None
149.92,17.28,43.48,0.0365,26.42,Corrosion
143.66,18.05,41.56,0.0515,31.01,Corrosion
119.97,18.43,37.57,0.0371,20.69,None
109.58,11.63,38.88,0.0301,9.76,None
158.32,14.99,36.94,0.1407,43.53,Fatigue
105.72,19.26,20.23,0.1409,15.59,None
110.56,10.42,42.61,0.012,15.55,None
103.87,17.5,33.7,0.1388,36.79,None
133.35,14.93,28.23,0.1003,29.89,Leakage
105.79,12.72,43.11,0.0338,8.23,None
108.39,14.38,20.25,0.0715,9.44,Leakage
157.35,12.73,24.59,0.1199,41.18,Fatigue
109.13,12.87,26.97,0.0981,7.16,Leakage
102.69,13.65,36.26,0.0677,16.81,None
135.26,12.69,34.68,0.0079,11.69,None
109.25,11.37,36.04,0.0815,11.5,None
138.27,14.22,39.16,0.002,27.14,None
141.42,15.55,36.78,0.0178,28.28,None
117.72,13.32,21.17,0.1431,25.06,Leakage
157.69,16.36,41.02,0.0948,25.59,Corrosion
117.28,10.16,36.65,0.0455,14.5,None
132.48,13.63,28.19,0.1215,27.36,Leakage
144.61,16.22,35.63,0.1333,31.12,None
138.97,13.46,38.75,0.098,28.89,None
113.91,18.4,25.35,0.0568,17.2,None
138.24,16.7,43.42,0.1382,42.98,None
139.5,16.49,43.4,0.0306,27.48,None
119.27,13.49,20.11,0.1272,18.13,Leakage
157.71,10.78,29.91,0.0107,27.93,Leakage
123.84,12.51,36.81,0.0288,26.49,None
117.99,16.19,34.31,0.1288,13.6,None
118.28,18.17,27.48,0.1044,26.38,None
